"FullPath","LastModified","SizeBytes"
"C:\Users\richg\ALL_AI\Complete AI Development Pipeline – Canonical Phase Plan\archive\legacy\AUX_mcp-data_archived_2025-11-22\INSTALLATION_SUMMARY.md","11/9/2025 2:48:18 AM","8760"
"C:\Users\richg\ALL_AI\Complete AI Development Pipeline – Canonical Phase Plan\archive\legacy\AI_MANGER_archived_2025-11-22\AL_MASTER\MD\DOWNLOAD_SUMMARY.txt","11/10/2025 11:52:54 AM","8806"
"C:\Users\richg\ALL_AI\Complete AI Development Pipeline – Canonical Phase Plan\archive\legacy\AI_MANGER_archived_2025-11-22\AL_MASTER\MD\COMPLETE_FILE_TREE.txt","11/10/2025 11:52:54 AM","8868"
"C:\Users\richg\ALL_AI\Complete AI Development Pipeline – Canonical Phase Plan\UNIVERSAL_EXECUTION_TEMPLATES_FRAMEWORK\patterns\EXECUTION_PATTERNS_COMPLETE.md","11/24/2025 5:07:41 PM","9438"
"C:\Users\richg\ALL_AI\Complete AI Development Pipeline – Canonical Phase Plan\doc_id\session_reports\DOC_ID_PROJECT_PHASE1_COMPLETE.md","11/24/2025 5:18:20 PM","8683"
"C:\Users\richg\ALL_AI\Complete AI Development Pipeline – Canonical Phase Plan\doc_id\plans\DOC_ID_EXECUTION_PLAN.md","11/24/2025 5:46:12 PM","7541"
"C:\Users\richg\ALL_AI\Complete AI Development Pipeline – Canonical Phase Plan\developer\_DEV_PHASE3_PROGRESS.md","11/25/2025 7:52:13 AM","6913"
"C:\Users\richg\ALL_AI\Complete AI Development Pipeline – Canonical Phase Plan\UNIVERSAL_EXECUTION_TEMPLATES_FRAMEWORK\patterns\GLOSSARY_PATTERNS_COMPLETE.md","11/25/2025 8:37:52 AM","12142"
"C:\Users\richg\ALL_AI\Complete AI Development Pipeline – Canonical Phase Plan\archive\TODAYS_WORK_SUMMARY_OLD.md","11/25/2025 2:39:33 PM","11318"
"C:\Users\richg\ALL_AI\Complete AI Development Pipeline – Canonical Phase Plan\GUI_PLAN_EXECUTION_PATTERNS.md","11/27/2025 11:27:32 AM","30768"
"C:\Users\richg\ALL_AI\Complete AI Development Pipeline – Canonical Phase Plan\UNIVERSAL_EXECUTION_TEMPLATES_FRAMEWORK\patterns\PATTERN_AUTOMATION_ACTIVATION_PLAN.md","11/27/2025 11:27:32 AM","27682"
"C:\Users\richg\ALL_AI\Complete AI Development Pipeline – Canonical Phase Plan\UNIVERSAL_EXECUTION_TEMPLATES_FRAMEWORK\patterns\pattern_event_system\PHASE_PLAN_FULL_IMPLEMENTATION.md","11/27/2025 11:43:28 PM","23651"
"C:\Users\richg\ALL_AI\Complete AI Development Pipeline – Canonical Phase Plan\doc_id\analysis\AI_EVAL_SYNTHESIS_AND_ACTION_PLAN.md","11/29/2025 5:57:48 AM","16964"
"C:\Users\richg\ALL_AI\Complete AI Development Pipeline – Canonical Phase Plan\archive\2025-12-01_115945_deprecated_folders\abstraction\ABSTRACTION_PHASE_PLAN.md","11/29/2025 11:16:14 AM","28022"
"C:\Users\richg\ALL_AI\Complete AI Development Pipeline – Canonical Phase Plan\UNIVERSAL_EXECUTION_TEMPLATES_FRAMEWORK\UET_CONSOLIDATION_MASTER_PLAN.md","11/29/2025 3:55:42 PM","47934"
"C:\Users\richg\ALL_AI\Complete AI Development Pipeline – Canonical Phase Plan\workstreams\plans\PLAN_DOC_ID_COMPLETION_001_FILE_CHANGES.md","11/29/2025 4:23:04 PM","18072"
"C:\Users\richg\ALL_AI\Complete AI Development Pipeline – Canonical Phase Plan\UNIVERSAL_EXECUTION_TEMPLATES_FRAMEWORK\patterns\docs\DOC_PATTERN_AUTOMATION_MASTER_PLAN.md","11/29/2025 4:23:04 PM","23193"
"C:\Users\richg\ALL_AI\Complete AI Development Pipeline – Canonical Phase Plan\doc_id\ID_CHAT13.md","11/29/2025 4:39:07 PM","19388"
"C:\Users\richg\ALL_AI\Complete AI Development Pipeline – Canonical Phase Plan\UET_WORKSTREAM_EXECUTION_PHASE_PLAN.md","11/29/2025 8:00:35 PM","15640"
"C:\Users\richg\ALL_AI\Complete AI Development Pipeline – Canonical Phase Plan\UET_FINAL_10PCT_PHASE_PLAN.md","11/29/2025 8:20:37 PM","30499"
"C:\Users\richg\ALL_AI\Complete AI Development Pipeline – Canonical Phase Plan\doc_id\COMPLETE_IMPLEMENTATION_REPORT.md","11/30/2025 12:49:07 AM","15954"
"C:\Users\richg\ALL_AI\Complete AI Development Pipeline – Canonical Phase Plan\archive\2025-12-01_115945_deprecated_folders\ai-logs-analyzer\analysis\summary-report-20251124-105101.md","11/30/2025 3:32:26 AM","448"
"C:\Users\richg\ALL_AI\Complete AI Development Pipeline – Canonical Phase Plan\archive\2025-12-01_115945_deprecated_folders\ai-logs-analyzer\analysis\summary-report-20251124-112553.md","11/30/2025 3:32:26 AM","602"
"C:\Users\richg\ALL_AI\Complete AI Development Pipeline – Canonical Phase Plan\docs\DOC_ID_COMPLETE_EXECUTION_SUMMARY.md","11/30/2025 4:46:29 AM","8091"
"C:\Users\richg\ALL_AI\Complete AI Development Pipeline – Canonical Phase Plan\docs\DOC_MODULE_CENTRIC_IMPLEMENTATION_SUMMARY.md","11/30/2025 4:46:33 AM","11546"
"C:\Users\richg\ALL_AI\Complete AI Development Pipeline – Canonical Phase Plan\docs\DOC_PLUGIN_ECOSYSTEM_SUMMARY.md","11/30/2025 4:46:36 AM","7593"
"C:\Users\richg\ALL_AI\Complete AI Development Pipeline – Canonical Phase Plan\docs\DOC_PLUGIN_TEST_SUITE_SUMMARY.md","11/30/2025 4:46:39 AM","10616"
"C:\Users\richg\ALL_AI\Complete AI Development Pipeline – Canonical Phase Plan\doc_id\COMPLETE_REPO_ID_COVERAGE_PLAN.md","11/30/2025 4:46:50 AM","30282"
"C:\Users\richg\ALL_AI\Complete AI Development Pipeline – Canonical Phase Plan\docs\examples\DOC_EXAMPLE_04_MULTI_PHASE.md","11/30/2025 4:48:34 AM","12769"
"C:\Users\richg\ALL_AI\Complete AI Development Pipeline – Canonical Phase Plan\UNIVERSAL_EXECUTION_TEMPLATES_FRAMEWORK\patterns\docs\DOC_IMPLEMENTATION_COMPLETE_SUMMARY.md","11/30/2025 4:50:27 AM","10161"
"C:\Users\richg\ALL_AI\Complete AI Development Pipeline – Canonical Phase Plan\workstreams\plans\PLAN_DOC_ID_COMPLETION_001.md","11/30/2025 4:52:04 AM","49139"
"C:\Users\richg\ALL_AI\Complete AI Development Pipeline – Canonical Phase Plan\.execution\checkpoints\phase0_guard_setup.txt","11/30/2025 6:12:17 AM","119"
"C:\Users\richg\ALL_AI\Complete AI Development Pipeline – Canonical Phase Plan\5_Phase Completion Plan Module Migration & Pattern Automation Integration.md","11/30/2025 6:12:17 AM","103544"
"C:\Users\richg\ALL_AI\Complete AI Development Pipeline – Canonical Phase Plan\EXEC014_COMPLETION_REPORT.md","11/30/2025 6:12:17 AM","12492"
"C:\Users\richg\ALL_AI\Complete AI Development Pipeline – Canonical Phase Plan\DESKTOP_TUI_IMPLEMENTATION_SUMMARY.md","11/30/2025 6:12:17 AM","14228"
"C:\Users\richg\ALL_AI\Complete AI Development Pipeline – Canonical Phase Plan\CLEANUP_WEEK1_BASELINE_REPORT.md","11/30/2025 6:12:17 AM","9889"
"C:\Users\richg\ALL_AI\Complete AI Development Pipeline – Canonical Phase Plan\AGENT_SUMMARY.txt","11/30/2025 6:12:17 AM","7967"
"C:\Users\richg\ALL_AI\Complete AI Development Pipeline – Canonical Phase Plan\MERGE_QUICKSTART.md","11/30/2025 6:12:17 AM","7827"
"C:\Users\richg\ALL_AI\Complete AI Development Pipeline – Canonical Phase Plan\MERGE_COMPLETION_REPORT.md","11/30/2025 6:12:17 AM","10886"
"C:\Users\richg\ALL_AI\Complete AI Development Pipeline – Canonical Phase Plan\MERGE_ANALYSIS_COMPLETE.md","11/30/2025 6:12:17 AM","10940"
"C:\Users\richg\ALL_AI\Complete AI Development Pipeline – Canonical Phase Plan\HYBRID_GUI_PLAN.md","11/30/2025 6:12:17 AM","12777"
"C:\Users\richg\ALL_AI\Complete AI Development Pipeline – Canonical Phase Plan\GUI_MODULE_ANALYSIS_SUMMARY.md","11/30/2025 6:12:17 AM","13858"
"C:\Users\richg\ALL_AI\Complete AI Development Pipeline – Canonical Phase Plan\EXECUTION_SUMMARY.md","11/30/2025 6:12:17 AM","10265"
"C:\Users\richg\ALL_AI\Complete AI Development Pipeline – Canonical Phase Plan\MODEL_FIX_SUMMARY.md","11/30/2025 6:12:17 AM","3522"
"C:\Users\richg\ALL_AI\Complete AI Development Pipeline – Canonical Phase Plan\MODULE-CENTRIC REFACTOR PLAN (FOR Codex CODE CLI).md","11/30/2025 6:12:17 AM","21417"
"C:\Users\richg\ALL_AI\Complete AI Development Pipeline – Canonical Phase Plan\MERGE_PLAN_TUI_GUI.md","11/30/2025 6:12:17 AM","12421"
"C:\Users\richg\ALL_AI\Complete AI Development Pipeline – Canonical Phase Plan\archive\2025-12-01_115945_deprecated_folders\Module-Centric\migration\ACTUAL_VS_PLANNED_STATE_RECONCILIATION.md","11/30/2025 6:12:17 AM","2061"
"C:\Users\richg\ALL_AI\Complete AI Development Pipeline – Canonical Phase Plan\archive\2025-12-01_115945_deprecated_folders\Module-Centric\REMAINING_MODULE_CENTRIC_PLAN.md","11/30/2025 6:12:17 AM","1924"
"C:\Users\richg\ALL_AI\Complete AI Development Pipeline – Canonical Phase Plan\PHASE_PLAN_PATH_REFACTORING.md","11/30/2025 6:12:17 AM","8719"
"C:\Users\richg\ALL_AI\Complete AI Development Pipeline – Canonical Phase Plan\PIPELINE_IO_CONTRACTS_CHAT2.md","11/30/2025 6:12:17 AM","9669"
"C:\Users\richg\ALL_AI\Complete AI Development Pipeline – Canonical Phase Plan\PHASEPLAN - Copy.txt","11/30/2025 6:12:17 AM","40328"
"C:\Users\richg\ALL_AI\Complete AI Development Pipeline – Canonical Phase Plan\PIPELINE_IO_CONTRACTS_CHAT1.md","11/30/2025 6:12:17 AM","12598"
"C:\Users\richg\ALL_AI\Complete AI Development Pipeline – Canonical Phase Plan\PIPELINE_IO_CONTRACTS_CHAT3.md","11/30/2025 6:12:17 AM","11760"
"C:\Users\richg\ALL_AI\Complete AI Development Pipeline – Canonical Phase Plan\PROGRESS_REPORT.md","11/30/2025 6:12:17 AM","872"
"C:\Users\richg\ALL_AI\Complete AI Development Pipeline – Canonical Phase Plan\archive\2025-12-01_115945_deprecated_folders\REFACTOR_2\01_PLANNING\BEST_PLAN_CLAUDE_REVIEW.md","11/30/2025 6:12:17 AM","26386"
"C:\Users\richg\ALL_AI\Complete AI Development Pipeline – Canonical Phase Plan\archive\2025-12-01_115945_deprecated_folders\REFACTOR_2\01_PLANNING\ONE_TOUCH_SOLUTION_PLAN.md","11/30/2025 6:12:17 AM","23000"
"C:\Users\richg\ALL_AI\Complete AI Development Pipeline – Canonical Phase Plan\archive\2025-12-01_115945_deprecated_folders\REFACTOR_2\02_ARCHITECTURE\MULTI_AGENT_ORCHESTRATION_SUMMARY.md","11/30/2025 6:12:17 AM","10556"
"C:\Users\richg\ALL_AI\Complete AI Development Pipeline – Canonical Phase Plan\archive\2025-12-01_115945_deprecated_folders\REFACTOR_2\05_REFERENCE\ONE_TOUCH_IMPLEMENTATION_COMPLETE.md","11/30/2025 6:12:17 AM","16446"
"C:\Users\richg\ALL_AI\Complete AI Development Pipeline – Canonical Phase Plan\archive\2025-12-01_115945_deprecated_folders\REFACTOR_2\TERMINAL_CHAT\TERMINAL_CHAT_BEST_PLAN 1.txt","11/30/2025 6:12:17 AM","7945"
"C:\Users\richg\ALL_AI\Complete AI Development Pipeline – Canonical Phase Plan\archive\2025-12-01_115945_deprecated_folders\REFACTOR_2\POSS_ADDITIONS\Most_complete_plan_so_far.txt","11/30/2025 6:12:17 AM","468561"
"C:\Users\richg\ALL_AI\Complete AI Development Pipeline – Canonical Phase Plan\archive\2025-12-01_115945_deprecated_folders\REFACTOR_2\05_REFERENCE\MODULE_REFACTOR_PATTERNS_SUMMARY.md","11/30/2025 6:12:17 AM","9409"
"C:\Users\richg\ALL_AI\Complete AI Development Pipeline – Canonical Phase Plan\archive\2025-12-01_115945_deprecated_folders\REFACTOR_2\05_REFERENCE\COMPLETION_SUMMARY.md","11/30/2025 6:12:17 AM","9446"
"C:\Users\richg\ALL_AI\Complete AI Development Pipeline – Canonical Phase Plan\archive\2025-12-01_115945_deprecated_folders\REFACTOR_2\TERMINAL_CHAT\TERMINAL_CHAT_BEST_PLAN 10.txt","11/30/2025 6:12:18 AM","5893"
"C:\Users\richg\ALL_AI\Complete AI Development Pipeline – Canonical Phase Plan\SIMPLE_EXECUTOR_COMPLETE.md","11/30/2025 6:12:18 AM","6300"
"C:\Users\richg\ALL_AI\Complete AI Development Pipeline – Canonical Phase Plan\archive\2025-12-01_115945_deprecated_folders\REFACTOR_2\TERMINAL_CHAT\TERMINAL_CHAT_BEST_PLAN 9.txt","11/30/2025 6:12:18 AM","6072"
"C:\Users\richg\ALL_AI\Complete AI Development Pipeline – Canonical Phase Plan\archive\2025-12-01_115945_deprecated_folders\REFACTOR_2\TERMINAL_CHAT\TERMINAL_CHAT_BEST_PLAN 4.txt","11/30/2025 6:12:18 AM","11270"
"C:\Users\richg\ALL_AI\Complete AI Development Pipeline – Canonical Phase Plan\archive\2025-12-01_115945_deprecated_folders\REFACTOR_2\TERMINAL_CHAT\TERMINAL_CHAT_BEST_PLAN 6.txt","11/30/2025 6:12:18 AM","7213"
"C:\Users\richg\ALL_AI\Complete AI Development Pipeline – Canonical Phase Plan\archive\2025-12-01_115945_deprecated_folders\REFACTOR_2\TERMINAL_CHAT\TERMINAL_CHAT_BEST_PLAN 12.txt","11/30/2025 6:12:18 AM","17615"
"C:\Users\richg\ALL_AI\Complete AI Development Pipeline – Canonical Phase Plan\archive\2025-12-01_115945_deprecated_folders\REFACTOR_2\TERMINAL_CHAT\TERMINAL_CHAT_BEST_PLAN 13.txt","11/30/2025 6:12:18 AM","10285"
"C:\Users\richg\ALL_AI\Complete AI Development Pipeline – Canonical Phase Plan\archive\2025-12-01_115945_deprecated_folders\REFACTOR_2\TERMINAL_CHAT\TERMINAL_CHAT_BEST_PLAN 2.txt","11/30/2025 6:12:18 AM","2806"
"C:\Users\richg\ALL_AI\Complete AI Development Pipeline – Canonical Phase Plan\archive\2025-12-01_115945_deprecated_folders\REFACTOR_2\TERMINAL_CHAT\TERMINAL_CHAT_BEST_PLAN 11.txt","11/30/2025 6:12:18 AM","7733"
"C:\Users\richg\ALL_AI\Complete AI Development Pipeline – Canonical Phase Plan\archive\2025-12-01_115945_deprecated_folders\REFACTOR_2\TERMINAL_CHAT\TERMINAL_CHAT_BEST_PLAN 3.txt","11/30/2025 6:12:18 AM","6053"
"C:\Users\richg\ALL_AI\Complete AI Development Pipeline – Canonical Phase Plan\SIMPLE_EXECUTOR_FINAL_SUMMARY.md","11/30/2025 6:12:18 AM","2439"
"C:\Users\richg\ALL_AI\Complete AI Development Pipeline – Canonical Phase Plan\TASK_EXECUTION_SUMMARY.txt","11/30/2025 6:12:18 AM","3461"
"C:\Users\richg\ALL_AI\Complete AI Development Pipeline – Canonical Phase Plan\TEST_FIXES_COMPLETION_REPORT.md","11/30/2025 6:12:18 AM","8212"
"C:\Users\richg\ALL_AI\Complete AI Development Pipeline – Canonical Phase Plan\archive\2025-12-01_115945_deprecated_folders\ToDo_Task\CLAUDE PLANS\EXECUTION_PROMPT_TEMPLATE_V2_DAG_MULTI_WORKSTREAMplan.md","11/30/2025 6:12:18 AM","14800"
"C:\Users\richg\ALL_AI\Complete AI Development Pipeline – Canonical Phase Plan\TEST_SUITE_PROGRESS_REPORT.md","11/30/2025 6:12:18 AM","5426"
"C:\Users\richg\ALL_AI\Complete AI Development Pipeline – Canonical Phase Plan\archive\2025-12-01_115945_deprecated_folders\ToDo_Task\PHASE_K_DOCUMENTATION_ENHANCEMENT_PLAN.md","11/30/2025 6:12:18 AM","1996"
"C:\Users\richg\ALL_AI\Complete AI Development Pipeline – Canonical Phase Plan\archive\2025-12-01_115945_deprecated_folders\ToDo_Task\PHASE_K_PLUS_COMPLETION_SUMMARY.txt","11/30/2025 6:12:18 AM","8165"
"C:\Users\richg\ALL_AI\Complete AI Development Pipeline – Canonical Phase Plan\archive\2025-12-01_115945_deprecated_folders\ToDo_Task\PHASE_K_SESSION_SUMMARY.md","11/30/2025 6:12:18 AM","2471"
"C:\Users\richg\ALL_AI\Complete AI Development Pipeline – Canonical Phase Plan\archive\2025-12-01_115945_deprecated_folders\ToDo_Task\PHASE_K1_OPTIONAL_CLEANUP.md","11/30/2025 6:12:18 AM","11331"
"C:\Users\richg\ALL_AI\Complete AI Development Pipeline – Canonical Phase Plan\archive\2025-12-01_115945_deprecated_folders\ToDo_Task\Phase K Gap Analysis While Phase K.txt","11/30/2025 6:12:18 AM","2539"
"C:\Users\richg\ALL_AI\Complete AI Development Pipeline – Canonical Phase Plan\archive\2025-12-01_115945_deprecated_folders\ToDo_Task\GUI+CHAT+TUI.txt","11/30/2025 6:12:18 AM","36432"
"C:\Users\richg\ALL_AI\Complete AI Development Pipeline – Canonical Phase Plan\archive\2025-12-01_115945_deprecated_folders\ToDo_Task\UET_FOLDER_ANALYSIS_REPORT.md","11/30/2025 6:12:18 AM","18481"
"C:\Users\richg\ALL_AI\Complete AI Development Pipeline – Canonical Phase Plan\archive\2025-12-01_115945_deprecated_folders\ToDo_Task\READMEALL\PROJECT_core_planning_README.md","11/30/2025 6:12:18 AM","13207"
"C:\Users\richg\ALL_AI\Complete AI Development Pipeline – Canonical Phase Plan\archive\2025-12-01_115945_deprecated_folders\ToDo_Task\READMEALL\PROJECT_developer_archive_2025-11_phase-h-legacy_README.md","11/30/2025 6:12:18 AM","3157"
"C:\Users\richg\ALL_AI\Complete AI Development Pipeline – Canonical Phase Plan\archive\2025-12-01_115945_deprecated_folders\ToDo_Task\phase plan with named execution patterns.txt","11/30/2025 6:12:18 AM","13223"
"C:\Users\richg\ALL_AI\Complete AI Development Pipeline – Canonical Phase Plan\UET_ENGINE_MIGRATION_REPORT.md","11/30/2025 6:12:18 AM","3998"
"C:\Users\richg\ALL_AI\Complete AI Development Pipeline – Canonical Phase Plan\UET_WORKSTREAM_QUICKSTART.md","11/30/2025 6:12:18 AM","11130"
"C:\Users\richg\ALL_AI\Complete AI Development Pipeline – Canonical Phase Plan\UNIVERSAL_EXECUTION_TEMPLATES_FRAMEWORK\.meta\chat_logs\claude_plan_discussion.txt","11/30/2025 6:12:18 AM","56956"
"C:\Users\richg\ALL_AI\Complete AI Development Pipeline – Canonical Phase Plan\UNIVERSAL_EXECUTION_TEMPLATES_FRAMEWORK\.migration\PLACEMENT_PLAN.md","11/30/2025 6:12:18 AM","4892"
"C:\Users\richg\ALL_AI\Complete AI Development Pipeline – Canonical Phase Plan\UNIVERSAL_EXECUTION_TEMPLATES_FRAMEWORK\docs\governance\PHASE_PLAN_PATTERN_GOVERNANCE.md","11/30/2025 6:12:18 AM","16316"
"C:\Users\richg\ALL_AI\Complete AI Development Pipeline – Canonical Phase Plan\UNIVERSAL_EXECUTION_TEMPLATES_FRAMEWORK\docs\governance\PHASE_PLAN_REVIEW.md","11/30/2025 6:12:18 AM","8957"
"C:\Users\richg\ALL_AI\Complete AI Development Pipeline – Canonical Phase Plan\UNIVERSAL_EXECUTION_TEMPLATES_FRAMEWORK\patterns\COMPLETION_SUMMARY.md","11/30/2025 6:12:18 AM","6759"
"C:\Users\richg\ALL_AI\Complete AI Development Pipeline – Canonical Phase Plan\UNIVERSAL_EXECUTION_TEMPLATES_FRAMEWORK\patterns\COMPLETE_DOC_SUITE_GENERATION_MASTER_PLAN.md","11/30/2025 6:12:18 AM","22433"
"C:\Users\richg\ALL_AI\Complete AI Development Pipeline – Canonical Phase Plan\UNIVERSAL_EXECUTION_TEMPLATES_FRAMEWORK\patterns\AUTOMATION_STATUS_REPORT.md","11/30/2025 6:12:18 AM","10149"
"C:\Users\richg\ALL_AI\Complete AI Development Pipeline – Canonical Phase Plan\UNIVERSAL_EXECUTION_TEMPLATES_FRAMEWORK\patterns\AUTOMATION_COMPLETION_REPORT.md","11/30/2025 6:12:18 AM","11317"
"C:\Users\richg\ALL_AI\Complete AI Development Pipeline – Canonical Phase Plan\UNIVERSAL_EXECUTION_TEMPLATES_FRAMEWORK\patterns\ACTIVATION_COMPLETION_REPORT.md","11/30/2025 6:12:18 AM","2269"
"C:\Users\richg\ALL_AI\Complete AI Development Pipeline – Canonical Phase Plan\UNIVERSAL_EXECUTION_TEMPLATES_FRAMEWORK\patterns\GLOSSARY_PATTERNS_QUICKSTART.md","11/30/2025 6:12:18 AM","12727"
"C:\Users\richg\ALL_AI\Complete AI Development Pipeline – Canonical Phase Plan\UNIVERSAL_EXECUTION_TEMPLATES_FRAMEWORK\patterns\Module Centric Refactor Plan with Execution Patterns.md","11/30/2025 6:12:18 AM","103810"
"C:\Users\richg\ALL_AI\Complete AI Development Pipeline – Canonical Phase Plan\UNIVERSAL_EXECUTION_TEMPLATES_FRAMEWORK\patterns\PATTERN_plan_enc.txt","11/30/2025 6:12:18 AM","34926"
"C:\Users\richg\ALL_AI\Complete AI Development Pipeline – Canonical Phase Plan\UNIVERSAL_EXECUTION_TEMPLATES_FRAMEWORK\patterns\ZERO_TOUCH_IMPLEMENTATION_SUMMARY.md","11/30/2025 6:12:18 AM","10121"
"C:\Users\richg\ALL_AI\Complete AI Development Pipeline – Canonical Phase Plan\UNIVERSAL_EXECUTION_TEMPLATES_FRAMEWORK\patterns\ZERO_TOUCH_COMPLETE_SOLUTION.md","11/30/2025 6:12:18 AM","18732"
"C:\Users\richg\ALL_AI\Complete AI Development Pipeline – Canonical Phase Plan\UNIVERSAL_EXECUTION_TEMPLATES_FRAMEWORK\patterns\docs\complete pattern soultion.txt","11/30/2025 6:12:18 AM","46087"
"C:\Users\richg\ALL_AI\Complete AI Development Pipeline – Canonical Phase Plan\UNIVERSAL_EXECUTION_TEMPLATES_FRAMEWORK\patterns\legacy_atoms\converted\reports\EXTRACTION_REPORT.md","11/30/2025 6:12:18 AM","2790"
"C:\Users\richg\ALL_AI\Complete AI Development Pipeline – Canonical Phase Plan\UNIVERSAL_EXECUTION_TEMPLATES_FRAMEWORK\patterns\pattern_event_system\PACKAGE_SUMMARY.txt","11/30/2025 6:12:18 AM","5757"
"C:\Users\richg\ALL_AI\Complete AI Development Pipeline – Canonical Phase Plan\UNIVERSAL_EXECUTION_TEMPLATES_FRAMEWORK\patterns\reports\ENHANCEMENT_PHASE_PLAN.md","11/30/2025 6:12:18 AM","13478"
"C:\Users\richg\ALL_AI\Complete AI Development Pipeline – Canonical Phase Plan\UNIVERSAL_EXECUTION_TEMPLATES_FRAMEWORK\patterns\pattern_event_system\PATTERN_EVENT_DELIVERY_SUMMARY.md","11/30/2025 6:12:18 AM","9890"
"C:\Users\richg\ALL_AI\Complete AI Development Pipeline – Canonical Phase Plan\UNIVERSAL_EXECUTION_TEMPLATES_FRAMEWORK\patterns\reports\PHASE_4_COMPLETE.md","11/30/2025 6:12:18 AM","3798"
"C:\Users\richg\ALL_AI\Complete AI Development Pipeline – Canonical Phase Plan\UNIVERSAL_EXECUTION_TEMPLATES_FRAMEWORK\patterns\reports\zero_touch\workflow_report_20251127_101218.md","11/30/2025 6:12:18 AM","254"
"C:\Users\richg\ALL_AI\Complete AI Development Pipeline – Canonical Phase Plan\UNIVERSAL_EXECUTION_TEMPLATES_FRAMEWORK\patterns\reports\zero_touch\workflow_report_20251127_101514.md","11/30/2025 6:12:18 AM","254"
"C:\Users\richg\ALL_AI\Complete AI Development Pipeline – Canonical Phase Plan\UNIVERSAL_EXECUTION_TEMPLATES_FRAMEWORK\patterns\reports\PHASE_3_PROGRESS.md","11/30/2025 6:12:18 AM","3990"
"C:\Users\richg\ALL_AI\Complete AI Development Pipeline – Canonical Phase Plan\UNIVERSAL_EXECUTION_TEMPLATES_FRAMEWORK\patterns\reports\EXECUTIVE_SUMMARY.md","11/30/2025 6:12:18 AM","8048"
"C:\Users\richg\ALL_AI\Complete AI Development Pipeline – Canonical Phase Plan\UNIVERSAL_EXECUTION_TEMPLATES_FRAMEWORK\patterns\safe_merge\QUICKSTART.md","11/30/2025 6:12:18 AM","2498"
"C:\Users\richg\ALL_AI\Complete AI Development Pipeline – Canonical Phase Plan\UNIVERSAL_EXECUTION_TEMPLATES_FRAMEWORK\patterns\safe_merge\IMPLEMENTATION_SUMMARY.md","11/30/2025 6:12:18 AM","11110"
"C:\Users\richg\ALL_AI\Complete AI Development Pipeline – Canonical Phase Plan\UNIVERSAL_EXECUTION_TEMPLATES_FRAMEWORK\patterns\reports\IMPLEMENTATION_COMPLETE.md","11/30/2025 6:12:18 AM","10753"
"C:\Users\richg\ALL_AI\Complete AI Development Pipeline – Canonical Phase Plan\UNIVERSAL_EXECUTION_TEMPLATES_FRAMEWORK\patterns\safe_merge\FINAL_COMPLETION_REPORT.md","11/30/2025 6:12:18 AM","15679"
"C:\Users\richg\ALL_AI\Complete AI Development Pipeline – Canonical Phase Plan\UNIVERSAL_EXECUTION_TEMPLATES_FRAMEWORK\patterns\safe_merge\COMPLETION_REPORT.md","11/30/2025 6:12:18 AM","9240"
"C:\Users\richg\ALL_AI\Complete AI Development Pipeline – Canonical Phase Plan\UNIVERSAL_EXECUTION_TEMPLATES_FRAMEWORK\specs\core\UET_PHASE_SPEC_MASTER.md","11/30/2025 6:12:18 AM","11793"
"C:\Users\richg\ALL_AI\Complete AI Development Pipeline – Canonical Phase Plan\UNIVERSAL_EXECUTION_TEMPLATES_FRAMEWORK\specs\UTE_UNIVERSAL PHASE SPECIFICATION.txt","11/30/2025 6:12:18 AM","24912"
"C:\Users\richg\ALL_AI\Complete AI Development Pipeline – Canonical Phase Plan\UNIVERSAL_EXECUTION_TEMPLATES_FRAMEWORK\specs\planning\PHASE_4_AI_ENHANCEMENT_PLAN.md","11/30/2025 6:12:18 AM","20025"
"C:\Users\richg\ALL_AI\Complete AI Development Pipeline – Canonical Phase Plan\UNIVERSAL_EXECUTION_TEMPLATES_FRAMEWORK\uet\planning\OPTIMIZATION_PLAN.md","11/30/2025 6:12:18 AM","8321"
"C:\Users\richg\ALL_AI\Complete AI Development Pipeline – Canonical Phase Plan\UNIVERSAL_EXECUTION_TEMPLATES_FRAMEWORK\uet\PATTERN_EXTRACTION_REPORT.md","11/30/2025 6:12:18 AM","8310"
"C:\Users\richg\ALL_AI\Complete AI Development Pipeline – Canonical Phase Plan\UNIVERSAL_EXECUTION_TEMPLATES_FRAMEWORK\uet\planning\UNIFIED_PATTERN_IMPLEMENTATION_PLAN.md","11/30/2025 6:12:18 AM","43426"
"C:\Users\richg\ALL_AI\Complete AI Development Pipeline – Canonical Phase Plan\WEEK1_FINAL_REPORT.md","11/30/2025 6:12:18 AM","12366"
"C:\Users\richg\ALL_AI\Complete AI Development Pipeline – Canonical Phase Plan\UNIVERSAL_EXECUTION_TEMPLATES_FRAMEWORK\uet\planning\TEMPLATE_IMPLEMENTATION_PLAN.md","11/30/2025 6:12:18 AM","32663"
"C:\Users\richg\ALL_AI\Complete AI Development Pipeline – Canonical Phase Plan\WEEK1_IMPLEMENTATION_COMPLETE.md","11/30/2025 6:12:18 AM","16220"
"C:\Users\richg\ALL_AI\Complete AI Development Pipeline – Canonical Phase Plan\WEEK2_FINAL_REPORT.md","11/30/2025 6:12:18 AM","12478"
"C:\Users\richg\ALL_AI\Complete AI Development Pipeline – Canonical Phase Plan\Why Module-Centric Works Better_CHAT-AND_PLAN.md","11/30/2025 6:12:18 AM","48091"
"C:\Users\richg\ALL_AI\Complete AI Development Pipeline – Canonical Phase Plan\ZERO_TOUCH_EXECUTION_REPORT.md","11/30/2025 6:12:18 AM","34313"
"C:\Users\richg\ALL_AI\Complete AI Development Pipeline – Canonical Phase Plan\archive\2025-12-01_115945_deprecated_folders\abstraction\IMPLEMENTATION_FINAL_REPORT.md","11/30/2025 6:12:18 AM","12453"
"C:\Users\richg\ALL_AI\Complete AI Development Pipeline – Canonical Phase Plan\archive\2025-12-01_115945_deprecated_folders\abstraction\FINAL_COMPLETION_REPORT.md","11/30/2025 6:12:18 AM","10110"
"C:\Users\richg\ALL_AI\Complete AI Development Pipeline – Canonical Phase Plan\archive\2025-12-01_115945_deprecated_folders\abstraction\EXECUTION_SUMMARY.md","11/30/2025 6:12:18 AM","21044"
"C:\Users\richg\ALL_AI\Complete AI Development Pipeline – Canonical Phase Plan\archive\2025-12-01_115945_deprecated_folders\abstraction\WAVE_1_COMPLETION_REPORT.md","11/30/2025 6:12:18 AM","10441"
"C:\Users\richg\ALL_AI\Complete AI Development Pipeline – Canonical Phase Plan\archive\2025-12-01_115945_deprecated_folders\abstraction\WAVE_1_FINAL_REPORT.md","11/30/2025 6:12:18 AM","8110"
"C:\Users\richg\ALL_AI\Complete AI Development Pipeline – Canonical Phase Plan\archive\2025-12-01_115945_deprecated_folders\ai-logs-analyzer\QUICKSTART.md","11/30/2025 6:12:18 AM","2534"
"C:\Users\richg\ALL_AI\Complete AI Development Pipeline – Canonical Phase Plan\aider\help\automated conversion examples showing how to transform existing Codex_Claude style phase prompts into Aider-compatible workstream.md","11/30/2025 6:12:18 AM","24481"
"C:\Users\richg\ALL_AI\Complete AI Development Pipeline – Canonical Phase Plan\archive\2025-12-01_091928_old-root-folders\aim\IMPLEMENTATION_SUMMARY.md","11/30/2025 6:12:18 AM","14406"
"C:\Users\richg\ALL_AI\Complete AI Development Pipeline – Canonical Phase Plan\archive\2025-11-26_developer\2025-11\ARCHIVE_SUMMARY.md","11/30/2025 6:12:18 AM","6941"
"C:\Users\richg\ALL_AI\Complete AI Development Pipeline – Canonical Phase Plan\archive\2025-11-26_developer\2025-11\error_legacy\errorfixpipleinechat.txt","11/30/2025 6:12:18 AM","91700"
"C:\Users\richg\ALL_AI\Complete AI Development Pipeline – Canonical Phase Plan\archive\2025-11-26_developer\2025-11\ROOT_CLEANUP_PLAN.md","11/30/2025 6:12:18 AM","3519"
"C:\Users\richg\ALL_AI\Complete AI Development Pipeline – Canonical Phase Plan\archive\2025-11-26_root_archive\compliance-report.md","11/30/2025 6:12:18 AM","9832"
"C:\Users\richg\ALL_AI\Complete AI Development Pipeline – Canonical Phase Plan\archive\2025-11-26_root_archive\cleanup-reports\CLEANUP_REPORT.md","11/30/2025 6:12:18 AM","5965"
"C:\Users\richg\ALL_AI\Complete AI Development Pipeline – Canonical Phase Plan\archive\2025-11-26_developer\2025-11\phase-h-legacy\pipeline_plus\IMPLEMENTATION_SUMMARY.md","11/30/2025 6:12:18 AM","8353"
"C:\Users\richg\ALL_AI\Complete AI Development Pipeline – Canonical Phase Plan\archive\2025-11-26_root_archive\cleanup-reports\CLEANUP_COMPLETE_SUMMARY.md","11/30/2025 6:12:18 AM","9682"
"C:\Users\richg\ALL_AI\Complete AI Development Pipeline – Canonical Phase Plan\archive\2025-11-26_root_archive\opinionated-planning-framework.md","11/30/2025 6:12:18 AM","15618"
"C:\Users\richg\ALL_AI\Complete AI Development Pipeline – Canonical Phase Plan\archive\2025-11-26_root_archive\cleanup-reports\CLEANUP_PLAN.md","11/30/2025 6:12:18 AM","6518"
"C:\Users\richg\ALL_AI\Complete AI Development Pipeline – Canonical Phase Plan\archive\2025-11-26_uet_meta\PATCH_PLAN_JSON\SESSION_COMPLETION_SUMMARY.md","11/30/2025 6:12:18 AM","7205"
"C:\Users\richg\ALL_AI\Complete AI Development Pipeline – Canonical Phase Plan\archive\2025-11-26_uet_meta\PATCH_PLAN_JSON\PHASE_001_SUMMARY.md","11/30/2025 6:12:18 AM","4482"
"C:\Users\richg\ALL_AI\Complete AI Development Pipeline – Canonical Phase Plan\archive\2025-11-26_uet_meta\PATCH_PLAN_JSON\TEST_EXECUTION_REPORT.md","11/30/2025 6:12:18 AM","12747"
"C:\Users\richg\ALL_AI\Complete AI Development Pipeline – Canonical Phase Plan\archive\2025-11-26_uet_meta\PATCH_PLAN_JSON\WS_002_002_PATCHLEDGER_COMPLETE.md","11/30/2025 6:12:18 AM","7775"
"C:\Users\richg\ALL_AI\Complete AI Development Pipeline – Canonical Phase Plan\archive\2025-11-26_uet_root\2025-11-25_root_cleanup\S01_COMPLETION_REPORT.md","11/30/2025 6:12:18 AM","3888"
"C:\Users\richg\ALL_AI\Complete AI Development Pipeline – Canonical Phase Plan\archive\2025-11-26_uet_root\2025-11-25_root_cleanup\UET_DOC_CLEANUP_COMPLETION_REPORT.md","11/30/2025 6:12:18 AM","9262"
"C:\Users\richg\ALL_AI\Complete AI Development Pipeline – Canonical Phase Plan\archive\2025-11-26_uet_root\2025-11-25_root_cleanup\UET_DOC_CLEANUP_PHASE_PLAN.md","11/30/2025 6:12:18 AM","17494"
"C:\Users\richg\ALL_AI\Complete AI Development Pipeline – Canonical Phase Plan\archive\2025-11-26_uet_root\2025-11-25_root_cleanup\UET_DOCUMENTATION_ANALYSIS_REPORT.md","11/30/2025 6:12:18 AM","12242"
"C:\Users\richg\ALL_AI\Complete AI Development Pipeline – Canonical Phase Plan\archive\2025-11-26_uet_specs\PHASE_3_COMPLETION_REPORT.md","11/30/2025 6:12:18 AM","10375"
"C:\Users\richg\ALL_AI\Complete AI Development Pipeline – Canonical Phase Plan\archive\2025-11-26_uet_specs\PHASE_3_PLAN.md","11/30/2025 6:12:18 AM","6138"
"C:\Users\richg\ALL_AI\Complete AI Development Pipeline – Canonical Phase Plan\archive\2025-11-26_uet_specs\PHASE_4_IMPLEMENTATION_SUMMARY.md","11/30/2025 6:12:18 AM","10522"
"C:\Users\richg\ALL_AI\Complete AI Development Pipeline – Canonical Phase Plan\archive\2025-11-26_root_archive\uet-workstream-plan.txt","11/30/2025 6:12:18 AM","50605"
"C:\Users\richg\ALL_AI\Complete AI Development Pipeline – Canonical Phase Plan\archive\2025-11-26_uet_meta\PATCH_PLAN_JSON\FINAL_SESSION_SUMMARY.md","11/30/2025 6:12:18 AM","14104"
"C:\Users\richg\ALL_AI\Complete AI Development Pipeline – Canonical Phase Plan\archive\2025-11-26_uet_meta\PATCH_PLAN_JSON\PHASE_002_PROGRESS.md","11/30/2025 6:12:18 AM","5099"
"C:\Users\richg\ALL_AI\Complete AI Development Pipeline – Canonical Phase Plan\archive\2025-11-26_uet_meta\PATCH_PLAN_JSON\PHASE_002_FINAL_SUMMARY.md","11/30/2025 6:12:18 AM","11235"
"C:\Users\richg\ALL_AI\Complete AI Development Pipeline – Canonical Phase Plan\archive\2025-11-26_uet_meta\PATCH_PLAN_JSON\NEXT_STEPS_PHASE_PLAN.md","11/30/2025 6:12:18 AM","22476"
"C:\Users\richg\ALL_AI\Complete AI Development Pipeline – Canonical Phase Plan\archive\2025-11-26_uet_specs\PROGRESS_CHECKPOINT_2025-11-20_PHASE3.md","11/30/2025 6:12:18 AM","5424"
"C:\Users\richg\ALL_AI\Complete AI Development Pipeline – Canonical Phase Plan\archive\2025-11-26_uet_specs\UET_CHAT_1.md","11/30/2025 6:12:18 AM","12252"
"C:\Users\richg\ALL_AI\Complete AI Development Pipeline – Canonical Phase Plan\archive\2025-11-26_uet_specs\PHASE_4_QUICK_REFERENCE.md","11/30/2025 6:12:18 AM","9303"
"C:\Users\richg\ALL_AI\Complete AI Development Pipeline – Canonical Phase Plan\archive\engine_migration_plan.txt","11/30/2025 6:12:18 AM","87398"
"C:\Users\richg\ALL_AI\Complete AI Development Pipeline – Canonical Phase Plan\archive\UET_MIGRATION_COMPLETE.md","11/30/2025 6:12:18 AM","12385"
"C:\Users\richg\ALL_AI\Complete AI Development Pipeline – Canonical Phase Plan\archive\ENGINE_MIGRATION_SUMMARY.md","11/30/2025 6:12:18 AM","6294"
"C:\Users\richg\ALL_AI\Complete AI Development Pipeline – Canonical Phase Plan\archive\CONSOLIDATED_MIGRATION_PLAN.md","11/30/2025 6:12:18 AM","12714"
"C:\Users\richg\ALL_AI\Complete AI Development Pipeline – Canonical Phase Plan\cleanup_reports\CLEANUP_EXECUTION_SUMMARY_20251125.md","11/30/2025 6:12:18 AM","6698"
"C:\Users\richg\ALL_AI\Complete AI Development Pipeline – Canonical Phase Plan\cleanup_reports\SESSION_SUMMARY_20251125.md","11/30/2025 6:12:18 AM","11950"
"C:\Users\richg\ALL_AI\Complete AI Development Pipeline – Canonical Phase Plan\archive\2025-12-01_115945_deprecated_folders\bring_back_docs_\phase-spec-mandatory-structure.md","11/30/2025 6:12:18 AM","21622"
"C:\Users\richg\ALL_AI\Complete AI Development Pipeline – Canonical Phase Plan\archive\2025-12-01_115945_deprecated_folders\bring_back_docs_\AI_AGENT_INSTRUCTIONS_UPDATE_SUMMARY.md","11/30/2025 6:12:18 AM","12560"
"C:\Users\richg\ALL_AI\Complete AI Development Pipeline – Canonical Phase Plan\developer\execution\AIM_PLUS_FINAL_REPORT.md","11/30/2025 6:12:19 AM","10093"
"C:\Users\richg\ALL_AI\Complete AI Development Pipeline – Canonical Phase Plan\developer\execution\AIM_PLUS_FINAL_SUMMARY.md","11/30/2025 6:12:19 AM","14824"
"C:\Users\richg\ALL_AI\Complete AI Development Pipeline – Canonical Phase Plan\developer\execution\AGENTIC_PROTO_EXECUTION_SUMMARY.md","11/30/2025 6:12:19 AM","11158"
"C:\Users\richg\ALL_AI\Complete AI Development Pipeline – Canonical Phase Plan\developer\execution\CHECKLIST_IMPLEMENTATION_SUMMARY.md","11/30/2025 6:12:19 AM","10546"
"C:\Users\richg\ALL_AI\Complete AI Development Pipeline – Canonical Phase Plan\developer\analysis\agentic-proto\METRICS_SUMMARY_20251120.md","11/30/2025 6:12:19 AM","979"
"C:\Users\richg\ALL_AI\Complete AI Development Pipeline – Canonical Phase Plan\developer\analysis\UET_INTEGRATION_PLAN_ANALYSIS.md","11/30/2025 6:12:19 AM","40819"
"C:\Users\richg\ALL_AI\Complete AI Development Pipeline – Canonical Phase Plan\developer\execution\AIM_PLUS_INTEGRATION_PLAN.md","11/30/2025 6:12:19 AM","36268"
"C:\Users\richg\ALL_AI\Complete AI Development Pipeline – Canonical Phase Plan\developer\analysis\process-deep-dive\METRICS_SUMMARY_20251120.md","11/30/2025 6:12:19 AM","979"
"C:\Users\richg\ALL_AI\Complete AI Development Pipeline – Canonical Phase Plan\developer\execution\AIM_PLUS_PROGRESS_SUMMARY.md","11/30/2025 6:12:19 AM","8048"
"C:\Users\richg\ALL_AI\Complete AI Development Pipeline – Canonical Phase Plan\developer\execution\ENGINE_IMPLEMENTATION_SUMMARY.md","11/30/2025 6:12:19 AM","7155"
"C:\Users\richg\ALL_AI\Complete AI Development Pipeline – Canonical Phase Plan\developer\execution\COMPLETE_IMPLEMENTATION_SUMMARY.md","11/30/2025 6:12:19 AM","8933"
"C:\Users\richg\ALL_AI\Complete AI Development Pipeline – Canonical Phase Plan\developer\execution\DAG_IMPLEMENTATION_SUMMARY.md","11/30/2025 6:12:19 AM","4438"
"C:\Users\richg\ALL_AI\Complete AI Development Pipeline – Canonical Phase Plan\developer\execution\EXECUTION_TRACES_SUMMARY.md","11/30/2025 6:12:19 AM","1465"
"C:\Users\richg\ALL_AI\Complete AI Development Pipeline – Canonical Phase Plan\developer\execution\UET_FRAMEWORK_COMPLETION_PHASE_PLAN.md","11/30/2025 6:12:19 AM","34039"
"C:\Users\richg\ALL_AI\Complete AI Development Pipeline – Canonical Phase Plan\developer\execution\UET_INTEGRATION_SUMMARY.md","11/30/2025 6:12:19 AM","13915"
"C:\Users\richg\ALL_AI\Complete AI Development Pipeline – Canonical Phase Plan\developer\execution\WS-02-03A_COMPLETION_REPORT.md","11/30/2025 6:12:19 AM","8259"
"C:\Users\richg\ALL_AI\Complete AI Development Pipeline – Canonical Phase Plan\developer\execution\WS-02-04A_COMPLETION_REPORT.md","11/30/2025 6:12:19 AM","7226"
"C:\Users\richg\ALL_AI\Complete AI Development Pipeline – Canonical Phase Plan\developer\execution\WS-03-02A_COMPLETION_REPORT.md","11/30/2025 6:12:19 AM","10567"
"C:\Users\richg\ALL_AI\Complete AI Development Pipeline – Canonical Phase Plan\developer\execution\WS-08-COMPLETION-PLAN.md","11/30/2025 6:12:19 AM","15557"
"C:\Users\richg\ALL_AI\Complete AI Development Pipeline – Canonical Phase Plan\developer\execution\WS-21_COMPLETE.md","11/30/2025 6:12:19 AM","5802"
"C:\Users\richg\ALL_AI\Complete AI Development Pipeline – Canonical Phase Plan\developer\execution\WS-22_COMPLETE.md","11/30/2025 6:12:19 AM","8422"
"C:\Users\richg\ALL_AI\Complete AI Development Pipeline – Canonical Phase Plan\developer\execution\WS-24_COMPLETE.md","11/30/2025 6:12:19 AM","11262"
"C:\Users\richg\ALL_AI\Complete AI Development Pipeline – Canonical Phase Plan\developer\execution\WS23_COMPLETION_SUMMARY.md","11/30/2025 6:12:19 AM","7179"
"C:\Users\richg\ALL_AI\Complete AI Development Pipeline – Canonical Phase Plan\developer\execution\FILE_ORG_IMPLEMENTATION_SUMMARY.md","11/30/2025 6:12:19 AM","11930"
"C:\Users\richg\ALL_AI\Complete AI Development Pipeline – Canonical Phase Plan\developer\execution\MIGRATION_COMPLETE.md","11/30/2025 6:12:19 AM","6409"
"C:\Users\richg\ALL_AI\Complete AI Development Pipeline – Canonical Phase Plan\developer\execution\uet\TEST_EXECUTION_REPORT.md","11/30/2025 6:12:19 AM","6321"
"C:\Users\richg\ALL_AI\Complete AI Development Pipeline – Canonical Phase Plan\developer\execution\uet\EXECUTION_SUMMARY_PH-010-FAST.md","11/30/2025 6:12:19 AM","8651"
"C:\Users\richg\ALL_AI\Complete AI Development Pipeline – Canonical Phase Plan\developer\execution\uet\AI_NAVIGATION_SUMMARY.md","11/30/2025 6:12:19 AM","10035"
"C:\Users\richg\ALL_AI\Complete AI Development Pipeline – Canonical Phase Plan\developer\phases\AI Development Pipeline Workstream Execution Plan (PH-01 to PH-03) .md","11/30/2025 6:12:19 AM","105844"
"C:\Users\richg\ALL_AI\Complete AI Development Pipeline – Canonical Phase Plan\developer\phases\PH_06 –_Git Worktree Lifecycle Management (Codex Autonomous Phase Executor).md","11/30/2025 6:12:19 AM","27314"
"C:\Users\richg\ALL_AI\Complete AI Development Pipeline – Canonical Phase Plan\developer\phases\aim\AIM_PLUS_PHASE_4_PLAN.md","11/30/2025 6:12:19 AM","9130"
"C:\Users\richg\ALL_AI\Complete AI Development Pipeline – Canonical Phase Plan\developer\phases\ai-navigation-v2\WORKSTREAM_SUMMARY.md","11/30/2025 6:12:19 AM","8650"
"C:\Users\richg\ALL_AI\Complete AI Development Pipeline – Canonical Phase Plan\developer\phases\ai-navigation-v2\PHASE_PLAN.md","11/30/2025 6:12:19 AM","5401"
"C:\Users\richg\ALL_AI\Complete AI Development Pipeline – Canonical Phase Plan\developer\phases\ai-navigation\WEEK_1_COMPLETE.md","11/30/2025 6:12:19 AM","10610"
"C:\Users\richg\ALL_AI\Complete AI Development Pipeline – Canonical Phase Plan\developer\phases\ai-navigation\PHASE_1_WEEK_1_COMPLETION_REPORT.md","11/30/2025 6:12:19 AM","9793"
"C:\Users\richg\ALL_AI\Complete AI Development Pipeline – Canonical Phase Plan\developer\phases\ai-navigation\AI_NAVIGATION_PHASE_PLAN.md","11/30/2025 6:12:19 AM","12072"
"C:\Users\richg\ALL_AI\Complete AI Development Pipeline – Canonical Phase Plan\developer\phases\PH-03_Tool Profiles & Adapter Layer (Codex Autonomous Phase Executor).md","11/30/2025 6:12:19 AM","13860"
"C:\Users\richg\ALL_AI\Complete AI Development Pipeline – Canonical Phase Plan\developer\phases\PHASE_F_PLAN.md","11/30/2025 6:12:19 AM","17374"
"C:\Users\richg\ALL_AI\Complete AI Development Pipeline – Canonical Phase Plan\developer\phases\PH-00_Baseline & Project Skeleton (Codex Autonomous Phase Executor).md","11/30/2025 6:12:19 AM","2599"
"C:\Users\richg\ALL_AI\Complete AI Development Pipeline – Canonical Phase Plan\developer\phases\PH-02_Data Model, SQLite State Layer & State Machine (Codex Autonomous Phase Executor).md","11/30/2025 6:12:19 AM","14375"
"C:\Users\richg\ALL_AI\Complete AI Development Pipeline – Canonical Phase Plan\developer\phases\Complete AI Development Pipeline – Canonical Phase Plan.md","11/30/2025 6:12:19 AM","24630"
"C:\Users\richg\ALL_AI\Complete AI Development Pipeline – Canonical Phase Plan\developer\phases\PH-01_Spec Alignment & Index Mapping (Codex Autonomous Phase Executor).md","11/30/2025 6:12:19 AM","12445"
"C:\Users\richg\ALL_AI\Complete AI Development Pipeline – Canonical Phase Plan\developer\phases\PH_05 –_Git Worktree Lifecycle Management (Codex Autonomous Phase Executor).md","11/30/2025 6:12:19 AM","17627"
"C:\Users\richg\ALL_AI\Complete AI Development Pipeline – Canonical Phase Plan\developer\phases\SESSION_SUMMARY.md","11/30/2025 6:12:19 AM","9844"
"C:\Users\richg\ALL_AI\Complete AI Development Pipeline – Canonical Phase Plan\developer\phases\PH_04 _Workstream Bundle Parsing & Validation (Codex Autonomous Phase Executor).md","11/30/2025 6:12:19 AM","15043"
"C:\Users\richg\ALL_AI\Complete AI Development Pipeline – Canonical Phase Plan\developer\phases\phase-09\phase-openspec-integration.md","11/30/2025 6:12:19 AM","7682"
"C:\Users\richg\ALL_AI\Complete AI Development Pipeline – Canonical Phase Plan\developer\phases\aim\PHASE_2_COMPLETION.md","11/30/2025 6:12:19 AM","7180"
"C:\Users\richg\ALL_AI\Complete AI Development Pipeline – Canonical Phase Plan\developer\phases\phase-3\PLAN.md","11/30/2025 6:12:19 AM","11413"
"C:\Users\richg\ALL_AI\Complete AI Development Pipeline – Canonical Phase Plan\developer\phases\phase-2b\COMPLETE.md","11/30/2025 6:12:19 AM","11008"
"C:\Users\richg\ALL_AI\Complete AI Development Pipeline – Canonical Phase Plan\developer\phases\phase-09\PHASE-09-EXISTING-ANALYSIS.md","11/30/2025 6:12:19 AM","9024"
"C:\Users\richg\ALL_AI\Complete AI Development Pipeline – Canonical Phase Plan\developer\phases\phase-09\phase-09-ccpm-optimization.md","11/30/2025 6:12:19 AM","8050"
"C:\Users\richg\ALL_AI\Complete AI Development Pipeline – Canonical Phase Plan\developer\phases\phase-09\PHASE-09-CCPM-INTEGRATION-PLAN.md","11/30/2025 6:12:19 AM","28915"
"C:\Users\richg\ALL_AI\Complete AI Development Pipeline – Canonical Phase Plan\developer\phases\phase-09\PHASE-09-3-COMPLETE.md","11/30/2025 6:12:19 AM","10817"
"C:\Users\richg\ALL_AI\Complete AI Development Pipeline – Canonical Phase Plan\developer\phases\phase-09\PHASE-09-2-COMPLETE.md","11/30/2025 6:12:19 AM","5175"
"C:\Users\richg\ALL_AI\Complete AI Development Pipeline – Canonical Phase Plan\developer\phases\phase-09\phase-08-completion-summary.md","11/30/2025 6:12:19 AM","15184"
"C:\Users\richg\ALL_AI\Complete AI Development Pipeline – Canonical Phase Plan\developer\phases\phase-09\codex-phase-09-13-evaluation.md","11/30/2025 6:12:19 AM","16486"
"C:\Users\richg\ALL_AI\Complete AI Development Pipeline – Canonical Phase Plan\developer\phases\phase-09\ccpm-phase-09-test-plan.md","11/30/2025 6:12:19 AM","3357"
"C:\Users\richg\ALL_AI\Complete AI Development Pipeline – Canonical Phase Plan\developer\phases\phase-2a\COMPLETE.md","11/30/2025 6:12:19 AM","9306"
"C:\Users\richg\ALL_AI\Complete AI Development Pipeline – Canonical Phase Plan\developer\phases\aim\PHASE_4_COMPLETE.md","11/30/2025 6:12:19 AM","10052"
"C:\Users\richg\ALL_AI\Complete AI Development Pipeline – Canonical Phase Plan\developer\phases\aim\PHASE_3B_COMPLETE.md","11/30/2025 6:12:19 AM","9075"
"C:\Users\richg\ALL_AI\Complete AI Development Pipeline – Canonical Phase Plan\developer\phases\aim\PHASE_3A_COMPLETE.md","11/30/2025 6:12:19 AM","9375"
"C:\Users\richg\ALL_AI\Complete AI Development Pipeline – Canonical Phase Plan\developer\phases\aim\PHASE_3_COMPLETION.md","11/30/2025 6:12:19 AM","12323"
"C:\Users\richg\ALL_AI\Complete AI Development Pipeline – Canonical Phase Plan\developer\phases\aim\PHASE_2B_COMPLETE.md","11/30/2025 6:12:19 AM","7511"
"C:\Users\richg\ALL_AI\Complete AI Development Pipeline – Canonical Phase Plan\developer\phases\aim\PHASE_2A_COMPLETE.md","11/30/2025 6:12:19 AM","10059"
"C:\Users\richg\ALL_AI\Complete AI Development Pipeline – Canonical Phase Plan\developer\phases\aim\PHASE_1C_COMPLETE.md","11/30/2025 6:12:19 AM","9049"
"C:\Users\richg\ALL_AI\Complete AI Development Pipeline – Canonical Phase Plan\developer\phases\aim\PHASE_1AB_COMPLETE.md","11/30/2025 6:12:19 AM","9791"
"C:\Users\richg\ALL_AI\Complete AI Development Pipeline – Canonical Phase Plan\developer\phases\aim\PHASE_1_COMPLETION.md","11/30/2025 6:12:19 AM","1657"
"C:\Users\richg\ALL_AI\Complete AI Development Pipeline – Canonical Phase Plan\developer\phases\aim\SPRINT_1_2_COMPLETE.md","11/30/2025 6:12:19 AM","12064"
"C:\Users\richg\ALL_AI\Complete AI Development Pipeline – Canonical Phase Plan\developer\phases\phase-g\FINAL_SUMMARY.md","11/30/2025 6:12:19 AM","13315"
"C:\Users\richg\ALL_AI\Complete AI Development Pipeline – Canonical Phase Plan\developer\phases\phase-g\ERROR_PIPELINE_PRODUCTION_PHASE_PLAN.md","11/30/2025 6:12:19 AM","32993"
"C:\Users\richg\ALL_AI\Complete AI Development Pipeline – Canonical Phase Plan\developer\phases\phase-g\ERROR_PIPELINE_FINAL_SUMMARY.md","11/30/2025 6:12:19 AM","15984"
"C:\Users\richg\ALL_AI\Complete AI Development Pipeline – Canonical Phase Plan\developer\phases\phase-g\COMPLETE_REPORT.md","11/30/2025 6:12:19 AM","14168"
"C:\Users\richg\ALL_AI\Complete AI Development Pipeline – Canonical Phase Plan\developer\phases\phase-4a\COMPLETE.md","11/30/2025 6:12:19 AM","10377"
"C:\Users\richg\ALL_AI\Complete AI Development Pipeline – Canonical Phase Plan\developer\phases\phase-4\PLAN.md","11/30/2025 6:12:19 AM","14205"
"C:\Users\richg\ALL_AI\Complete AI Development Pipeline – Canonical Phase Plan\developer\phases\phase-4b\TESTING_COMPLETE.md","11/30/2025 6:12:19 AM","6589"
"C:\Users\richg\ALL_AI\Complete AI Development Pipeline – Canonical Phase Plan\developer\phases\phase-g\PHASE_G1_COMPLETION_REPORT.md","11/30/2025 6:12:19 AM","12200"
"C:\Users\richg\ALL_AI\Complete AI Development Pipeline – Canonical Phase Plan\developer\phases\phase-g\PHASE_G2_PROGRESS_REPORT.md","11/30/2025 6:12:19 AM","9555"
"C:\Users\richg\ALL_AI\Complete AI Development Pipeline – Canonical Phase Plan\developer\phases\phase-g\PHASE_G3_PROGRESS_REPORT.md","11/30/2025 6:12:19 AM","9689"
"C:\Users\richg\ALL_AI\Complete AI Development Pipeline – Canonical Phase Plan\developer\phases\phase-g\WS-G1_COMPLETE.md","11/30/2025 6:12:19 AM","10494"
"C:\Users\richg\ALL_AI\Complete AI Development Pipeline – Canonical Phase Plan\developer\phases\phase-h\DIRECTORY_CONSOLIDATION_PLAN.md","11/30/2025 6:12:19 AM","17354"
"C:\Users\richg\ALL_AI\Complete AI Development Pipeline – Canonical Phase Plan\developer\phases\phase-h\COMPLETE.md","11/30/2025 6:12:19 AM","15825"
"C:\Users\richg\ALL_AI\Complete AI Development Pipeline – Canonical Phase Plan\developer\phases\phase-i\COMPLETE.md","11/30/2025 6:12:19 AM","13017"
"C:\Users\richg\ALL_AI\Complete AI Development Pipeline – Canonical Phase Plan\developer\phases\phase-h\UET_INTEGRATION_PLAN.md","11/30/2025 6:12:19 AM","56628"
"C:\Users\richg\ALL_AI\Complete AI Development Pipeline – Canonical Phase Plan\developer\phases\phase-i\EXECUTION_SUMMARY.md","11/30/2025 6:12:19 AM","7718"
"C:\Users\richg\ALL_AI\Complete AI Development Pipeline – Canonical Phase Plan\developer\phases\phase-k\DOCUMENTATION_ENHANCEMENT_PLAN.md","11/30/2025 6:12:19 AM","38105"
"C:\Users\richg\ALL_AI\Complete AI Development Pipeline – Canonical Phase Plan\developer\phases\phase-k\K1_COMPLETE.md","11/30/2025 6:12:19 AM","9703"
"C:\Users\richg\ALL_AI\Complete AI Development Pipeline – Canonical Phase Plan\developer\phases\phase-k\K2_COMPLETE.md","11/30/2025 6:12:19 AM","12541"
"C:\Users\richg\ALL_AI\Complete AI Development Pipeline – Canonical Phase Plan\developer\phases\phase-k\PLAN.md","11/30/2025 6:12:19 AM","16210"
"C:\Users\richg\ALL_AI\Complete AI Development Pipeline – Canonical Phase Plan\developer\planning\DEPRECATION_PLAN.md","11/30/2025 6:12:19 AM","11915"
"C:\Users\richg\ALL_AI\Complete AI Development Pipeline – Canonical Phase Plan\developer\phases\phase-i\PLAN.md","11/30/2025 6:12:19 AM","50610"
"C:\Users\richg\ALL_AI\Complete AI Development Pipeline – Canonical Phase Plan\developer\sessions\SESSION_SUMMARY_2025-11-19.md","11/30/2025 6:12:19 AM","10883"
"C:\Users\richg\ALL_AI\Complete AI Development Pipeline – Canonical Phase Plan\developer\planning\INCREMENTAL_BUILD_PLAN.md","11/30/2025 6:12:19 AM","22046"
"C:\Users\richg\ALL_AI\Complete AI Development Pipeline – Canonical Phase Plan\developer\sessions\agentic-proto\EXAMPLE_GOOD_SESSION_2_FINAL_REPORT.md","11/30/2025 6:12:19 AM","553384"
"C:\Users\richg\ALL_AI\Complete AI Development Pipeline – Canonical Phase Plan\developer\planning\GAME_BOARD_CHAT_&_PHASEPLSN.md","11/30/2025 6:12:19 AM","26789"
"C:\Users\richg\ALL_AI\Complete AI Development Pipeline – Canonical Phase Plan\developer\planning\PHASE_UET_CHECKLIST.md","11/30/2025 6:12:19 AM","26648"
"C:\Users\richg\ALL_AI\Complete AI Development Pipeline – Canonical Phase Plan\developer\planning\PHASE_UET_INTEGRATION.md","11/30/2025 6:12:19 AM","51650"
"C:\Users\richg\ALL_AI\Complete AI Development Pipeline – Canonical Phase Plan\developer\sessions\SESSION_PROGRESS_SUMMARY.md","11/30/2025 6:12:19 AM","7816"
"C:\Users\richg\ALL_AI\Complete AI Development Pipeline – Canonical Phase Plan\developer\sessions\PROGRESS_SUMMARY_2025-11-23.md","11/30/2025 6:12:19 AM","9246"
"C:\Users\richg\ALL_AI\Complete AI Development Pipeline – Canonical Phase Plan\developer\planning\PHASE_PLAN.md","11/30/2025 6:12:19 AM","18527"
"C:\Users\richg\ALL_AI\Complete AI Development Pipeline – Canonical Phase Plan\developer\sessions\agentic-proto\SESSION_3_FINAL_REPORT.md","11/30/2025 6:12:19 AM","10296"
"C:\Users\richg\ALL_AI\Complete AI Development Pipeline – Canonical Phase Plan\developer\sessions\agentic-proto\SESSION_2_FINAL_REPORT.md","11/30/2025 6:12:19 AM","11643"
"C:\Users\richg\ALL_AI\Complete AI Development Pipeline – Canonical Phase Plan\developer\sessions\agentic-proto\SESSION_1_FINAL_REPORT.md","11/30/2025 6:12:19 AM","14991"
"C:\Users\richg\ALL_AI\Complete AI Development Pipeline – Canonical Phase Plan\developer\planning\SECTION_REFACTOR_PLAN.md","11/30/2025 6:12:19 AM","2462"
"C:\Users\richg\ALL_AI\Complete AI Development Pipeline – Canonical Phase Plan\developer\planning\PHASE_ROADMAP.md","11/30/2025 6:12:19 AM","9617"
"C:\Users\richg\ALL_AI\Complete AI Development Pipeline – Canonical Phase Plan\developer\sessions\ai-navigation\AI_NAVIGATION_SESSION_SUMMARY.md","11/30/2025 6:12:19 AM","10121"
"C:\Users\richg\ALL_AI\Complete AI Development Pipeline – Canonical Phase Plan\developer\sessions\ai-navigation-v2\SESSION_2025-11-23_PHASE2.md","11/30/2025 6:12:19 AM","3780"
"C:\Users\richg\ALL_AI\Complete AI Development Pipeline – Canonical Phase Plan\developer\sessions\phase-4\SESSION_01_FINAL_REPORT.md","11/30/2025 6:12:19 AM","12587"
"C:\Users\richg\ALL_AI\Complete AI Development Pipeline – Canonical Phase Plan\developer\sessions\phase-4\SESSION_01_SETUP_COMPLETE.md","11/30/2025 6:12:19 AM","2450"
"C:\Users\richg\ALL_AI\Complete AI Development Pipeline – Canonical Phase Plan\developer\sessions\uet\FINAL_SESSION_SUMMARY.md","11/30/2025 6:12:19 AM","8713"
"C:\Users\richg\ALL_AI\Complete AI Development Pipeline – Canonical Phase Plan\developer\sessions\uet\SESSION_SUMMARY_2025-11-20_MEGA_SESSION.md","11/30/2025 6:12:19 AM","10872"
"C:\Users\richg\ALL_AI\Complete AI Development Pipeline – Canonical Phase Plan\developer\sessions\uet\SESSION_SUMMARY_2025-11-20_PHASE2_COMPLETE.md","11/30/2025 6:12:19 AM","7837"
"C:\Users\richg\ALL_AI\Complete AI Development Pipeline – Canonical Phase Plan\developer\sessions\uet\SESSION_SUMMARY_2025-11-20_PHASE3_LAUNCH.md","11/30/2025 6:12:19 AM","5754"
"C:\Users\richg\ALL_AI\Complete AI Development Pipeline – Canonical Phase Plan\developer\sessions\uet\SESSION_SUMMARY_2025-11-20_WS-03-02A_COMPLETE.md","11/30/2025 6:12:19 AM","10672"
"C:\Users\richg\ALL_AI\Complete AI Development Pipeline – Canonical Phase Plan\developer\sessions\ai-navigation-v2\SESSION_2025-11-23_PHASE1.md","11/30/2025 6:12:19 AM","2572"
"C:\Users\richg\ALL_AI\Complete AI Development Pipeline – Canonical Phase Plan\doc_id\COMPLETE_PHASE_PLAN.md","11/30/2025 6:12:19 AM","24766"
"C:\Users\richg\ALL_AI\Complete AI Development Pipeline – Canonical Phase Plan\doc_id\ASSIGNER_IMPLEMENTATION_SUMMARY.md","11/30/2025 6:12:19 AM","5180"
"C:\Users\richg\ALL_AI\Complete AI Development Pipeline – Canonical Phase Plan\doc_id\ANALYSIS_OF_CHAT_FILES.md","11/30/2025 6:12:19 AM","9152"
"C:\Users\richg\ALL_AI\Complete AI Development Pipeline – Canonical Phase Plan\doc_id\EXECUTION_PATTERNS_FOR_PHASE0.md","11/30/2025 6:12:19 AM","10957"
"C:\Users\richg\ALL_AI\Complete AI Development Pipeline – Canonical Phase Plan\doc_id\PHASE_0_STATUS_REPORT.md","11/30/2025 6:12:19 AM","7613"
"C:\Users\richg\ALL_AI\Complete AI Development Pipeline – Canonical Phase Plan\doc_id\ID_CHAT11.md","11/30/2025 6:12:19 AM","18545"
"C:\Users\richg\ALL_AI\Complete AI Development Pipeline – Canonical Phase Plan\doc_id\ID_CHAT14.md","11/30/2025 6:12:19 AM","21949"
"C:\Users\richg\ALL_AI\Complete AI Development Pipeline – Canonical Phase Plan\doc_id\PHASE0_PROGRESS_REPORT_SESSION2.md","11/30/2025 6:12:19 AM","8167"
"C:\Users\richg\ALL_AI\Complete AI Development Pipeline – Canonical Phase Plan\doc_id\PHASE0_FINAL_SESSION_SUMMARY.md","11/30/2025 6:12:19 AM","12437"
"C:\Users\richg\ALL_AI\Complete AI Development Pipeline – Canonical Phase Plan\doc_id\PHASE0_COMPLETION_REPORT.md","11/30/2025 6:12:19 AM","10067"
"C:\Users\richg\ALL_AI\Complete AI Development Pipeline – Canonical Phase Plan\doc_id\MODULE_ID_INTEGRATION_PLAN.md","11/30/2025 6:12:19 AM","17333"
"C:\Users\richg\ALL_AI\Complete AI Development Pipeline – Canonical Phase Plan\doc_id\NEXT_SESSION_QUICKSTART.md","11/30/2025 6:12:19 AM","7831"
"C:\Users\richg\ALL_AI\Complete AI Development Pipeline – Canonical Phase Plan\doc_id\SCRIPTS_DISCOVERY_SUMMARY.md","11/30/2025 6:12:19 AM","7782"
"C:\Users\richg\ALL_AI\Complete AI Development Pipeline – Canonical Phase Plan\doc_id\SESSION_COMPLETION_SUMMARY.md","11/30/2025 6:12:19 AM","7931"
"C:\Users\richg\ALL_AI\Complete AI Development Pipeline – Canonical Phase Plan\doc_id\analysis\CHAT_GPT_ID.txt","11/30/2025 6:12:19 AM","21949"
"C:\Users\richg\ALL_AI\Complete AI Development Pipeline – Canonical Phase Plan\doc_id\analysis\EXPLORATION_COMPLETE_SNAPSHOT.txt","11/30/2025 6:12:19 AM","6405"
"C:\Users\richg\ALL_AI\Complete AI Development Pipeline – Canonical Phase Plan\doc_id\analysis\ID_FRAMEWORK_EXPLORATION_SUMMARY.md","11/30/2025 6:12:19 AM","11113"
"C:\Users\richg\ALL_AI\Complete AI Development Pipeline – Canonical Phase Plan\doc_id\id_chat5.txt","11/30/2025 6:12:19 AM","38962"
"C:\Users\richg\ALL_AI\Complete AI Development Pipeline – Canonical Phase Plan\doc_id\plans\PLAN_DOC_ID_PHASE3_EXECUTION__v1.md","11/30/2025 6:12:19 AM","11342"
"C:\Users\richg\ALL_AI\Complete AI Development Pipeline – Canonical Phase Plan\doc_id\reports\merge_PHASE3_PLAN_001.md","11/30/2025 6:12:19 AM","187"
"C:\Users\richg\ALL_AI\Complete AI Development Pipeline – Canonical Phase Plan\doc_id\reports\preview_PHASE3_PLAN_001.md","11/30/2025 6:12:19 AM","224"
"C:\Users\richg\ALL_AI\Complete AI Development Pipeline – Canonical Phase Plan\doc_id\reports\DOC_ID_COVERAGE_REPORT.md","11/30/2025 6:12:19 AM","9915"
"C:\Users\richg\ALL_AI\Complete AI Development Pipeline – Canonical Phase Plan\doc_id\session_reports\DOC_ID_PROJECT_SESSION_REPORT.md","11/30/2025 6:12:19 AM","16070"
"C:\Users\richg\ALL_AI\Complete AI Development Pipeline – Canonical Phase Plan\doc_id\session_reports\DOC_ID_PROJECT_PHASE2_COMPLETE.md","11/30/2025 6:12:19 AM","9836"
"C:\Users\richg\ALL_AI\Complete AI Development Pipeline – Canonical Phase Plan\doc_id\session_reports\ALL_REMAINING_FILES_COMPLETE.md","11/30/2025 6:12:19 AM","11559"
"C:\Users\richg\ALL_AI\Complete AI Development Pipeline – Canonical Phase Plan\doc_id\session_reports\DOC_ID_PROJECT_PHASE3_COMPLETE.md","11/30/2025 6:12:19 AM","8645"
"C:\Users\richg\ALL_AI\Complete AI Development Pipeline – Canonical Phase Plan\doc_id\templates\TEMPLATE_DOC_ID_COVERAGE_REPORT.md","11/30/2025 6:12:19 AM","409"
"C:\Users\richg\ALL_AI\Complete AI Development Pipeline – Canonical Phase Plan\doc_id\templates\TEMPLATE_DOC_ID_PREFLIGHT_GATE_REPORT.md","11/30/2025 6:12:19 AM","260"
"C:\Users\richg\ALL_AI\Complete AI Development Pipeline – Canonical Phase Plan\docs\Project_Management_docs\QUICKSTART_OPENSPEC.md","11/30/2025 6:12:19 AM","9413"
"C:\Users\richg\ALL_AI\Complete AI Development Pipeline – Canonical Phase Plan\docs\WEEK_1_COMPLETION_REPORT.md","11/30/2025 6:12:19 AM","7955"
"C:\Users\richg\ALL_AI\Complete AI Development Pipeline – Canonical Phase Plan\docs\REPOSITORY_REORGANIZATION_COMPLETE.md","11/30/2025 6:12:19 AM","11694"
"C:\Users\richg\ALL_AI\Complete AI Development Pipeline – Canonical Phase Plan\docs\REPOSITORY_ORGANIZATION_PLAN.md","11/30/2025 6:12:19 AM","17665"
"C:\Users\richg\ALL_AI\Complete AI Development Pipeline – Canonical Phase Plan\glossary\AUTOMATION_COMPLETE.md","11/30/2025 6:12:19 AM","13130"
"C:\Users\richg\ALL_AI\Complete AI Development Pipeline – Canonical Phase Plan\glossary\COMPLETE_SYSTEM_SUMMARY.md","11/30/2025 6:12:19 AM","11848"
"C:\Users\richg\ALL_AI\Complete AI Development Pipeline – Canonical Phase Plan\glossary\REORGANIZATION_COMPLETE.md","11/30/2025 6:12:19 AM","7030"
"C:\Users\richg\ALL_AI\Complete AI Development Pipeline – Canonical Phase Plan\glossary\updates\ADD_MODULE_TERMS_COMPLETE.md","11/30/2025 6:12:19 AM","8046"
"C:\Users\richg\ALL_AI\Complete AI Development Pipeline – Canonical Phase Plan\gui\docs\TUI_PANEL_FRAMEWORK_COMPLETION_REPORT.md","11/30/2025 6:12:19 AM","12133"
"C:\Users\richg\ALL_AI\Complete AI Development Pipeline – Canonical Phase Plan\gui\docs\IMPLEMENTATION_SUMMARY_UI_TOOL_SELECTION.md","11/30/2025 6:12:19 AM","9631"
"C:\Users\richg\ALL_AI\Complete AI Development Pipeline – Canonical Phase Plan\gui\docs\UI_DOCUMENTATION_SUMMARY.md","11/30/2025 6:12:19 AM","6617"
"C:\Users\richg\ALL_AI\Complete AI Development Pipeline – Canonical Phase Plan\gui\docs\architecture-migration-plan.md","11/30/2025 6:12:19 AM","28923"
"C:\Users\richg\ALL_AI\Complete AI Development Pipeline – Canonical Phase Plan\gui\docs\UI_IMPLEMENTATION_SUMMARY.md","11/30/2025 6:12:19 AM","13097"
"C:\Users\richg\ALL_AI\Complete AI Development Pipeline – Canonical Phase Plan\infra\sync\INSTALLATION_COMPLETE.md","11/30/2025 6:12:19 AM","7188"
"C:\Users\richg\ALL_AI\Complete AI Development Pipeline – Canonical Phase Plan\openspec\changes\CREATED_SUMMARY.txt","11/30/2025 6:12:19 AM","2328"
"C:\Users\richg\ALL_AI\Complete AI Development Pipeline – Canonical Phase Plan\openspec\changes\UET_IMPLEMENTATION_SUITE_SUMMARY.md","11/30/2025 6:12:19 AM","11139"
"C:\Users\richg\ALL_AI\Complete AI Development Pipeline – Canonical Phase Plan\openspec\OPENSPEC_BRIDGE_SUMMARY.md","11/30/2025 6:12:19 AM","11238"
"C:\Users\richg\ALL_AI\Complete AI Development Pipeline – Canonical Phase Plan\prompting\Prompt_block_phase_plan.md","11/30/2025 6:12:19 AM","7333"
"C:\Users\richg\ALL_AI\Complete AI Development Pipeline – Canonical Phase Plan\reports\paths_summary.txt","11/30/2025 6:12:19 AM","1099"
"C:\Users\richg\ALL_AI\Complete AI Development Pipeline – Canonical Phase Plan\scripts\AIDER_COMPREHENSIVE_TEST_PLAN.md","11/30/2025 6:12:19 AM","8949"
"C:\Users\richg\ALL_AI\Complete AI Development Pipeline – Canonical Phase Plan\specifications\MIGRATION_REPORT.txt","11/30/2025 6:12:20 AM","1550"
"C:\Users\richg\ALL_AI\Complete AI Development Pipeline – Canonical Phase Plan\templates\TEMPLATE_EXPANSION_PHASE_PLAN.md","11/30/2025 6:12:20 AM","20731"
"C:\Users\richg\ALL_AI\Complete AI Development Pipeline – Canonical Phase Plan\tools\speed_demon\IMPLEMENTATION_COMPLETE.md","11/30/2025 6:12:20 AM","4390"
"C:\Users\richg\ALL_AI\Complete AI Development Pipeline – Canonical Phase Plan\doc_id\PHASE0_MERGE_COMPLETE.md","11/30/2025 6:13:13 AM","7183"
"C:\Users\richg\ALL_AI\Complete AI Development Pipeline – Canonical Phase Plan\doc_id\PHASE1.5_COMPLETION_REPORT.md","12/1/2025 3:42:16 AM","7123"
"C:\Users\richg\ALL_AI\Complete AI Development Pipeline – Canonical Phase Plan\doc_id\PHASE1.5_SESSION_SUMMARY.md","12/1/2025 3:43:38 AM","7573"
"C:\Users\richg\ALL_AI\Complete AI Development Pipeline – Canonical Phase Plan\MULTI_INSTANCE_CLI_WEEK1_COMPLETE.md","12/1/2025 9:06:00 AM","4720"
"C:\Users\richg\ALL_AI\Complete AI Development Pipeline – Canonical Phase Plan\MULTI_INSTANCE_CLI_CONTROL_PHASE_PLAN.md","12/1/2025 9:06:00 AM","34131"
"C:\Users\richg\ALL_AI\Complete AI Development Pipeline – Canonical Phase Plan\DAY3_COMPLETE.md","12/1/2025 9:06:00 AM","3725"
"C:\Users\richg\ALL_AI\Complete AI Development Pipeline – Canonical Phase Plan\DAY4_COMPLETE.md","12/1/2025 9:06:00 AM","5031"
"C:\Users\richg\ALL_AI\Complete AI Development Pipeline – Canonical Phase Plan\UET_MIGRATION_EXECUTION_SUMMARY.md","12/1/2025 9:06:00 AM","7437"
"C:\Users\richg\ALL_AI\Complete AI Development Pipeline – Canonical Phase Plan\UET_MIGRATION_COMPLETE.md","12/1/2025 9:06:00 AM","9165"
"C:\Users\richg\ALL_AI\Complete AI Development Pipeline – Canonical Phase Plan\REFACTOR_2_STATUS_REPORT.md","12/1/2025 9:06:00 AM","7962"
"C:\Users\richg\ALL_AI\Complete AI Development Pipeline – Canonical Phase Plan\UET_OVERLAP_IMPLEMENTATION_REPORT.md","12/1/2025 9:06:00 AM","13862"
"C:\Users\richg\ALL_AI\Complete AI Development Pipeline – Canonical Phase Plan\UET_MIGRATION_WEEK1_COMPLETE.md","12/1/2025 9:06:00 AM","9882"
"C:\Users\richg\ALL_AI\Complete AI Development Pipeline – Canonical Phase Plan\WEEK2_PHASE_PLAN.md","12/1/2025 9:06:00 AM","12445"
"C:\Users\richg\ALL_AI\Complete AI Development Pipeline – Canonical Phase Plan\doc_id\COMPLETE_SESSION_SUMMARY_2025-12-01.md","12/1/2025 9:06:00 AM","10031"
"C:\Users\richg\ALL_AI\Complete AI Development Pipeline – Canonical Phase Plan\doc_id\PHASE1_COMPLETION_REPORT.md","12/1/2025 9:06:00 AM","8137"
"C:\Users\richg\ALL_AI\Complete AI Development Pipeline – Canonical Phase Plan\doc_id\PHASE1_IMPLEMENTATION_PLAN.md","12/1/2025 9:06:00 AM","5614"
"C:\Users\richg\ALL_AI\Complete AI Development Pipeline – Canonical Phase Plan\doc_id\PHASE2_COMPLETION_REPORT.md","12/1/2025 9:06:00 AM","7882"
"C:\Users\richg\ALL_AI\Complete AI Development Pipeline – Canonical Phase Plan\doc_id\PHASE2_IMPLEMENTATION_PLAN.md","12/1/2025 9:06:00 AM","12260"
"C:\Users\richg\ALL_AI\Complete AI Development Pipeline – Canonical Phase Plan\doc_id\PHASE3.5_COMPLETION_REPORT.md","12/1/2025 9:06:00 AM","9025"
"C:\Users\richg\ALL_AI\Complete AI Development Pipeline – Canonical Phase Plan\doc_id\PHASE3.5_IMPLEMENTATION_PLAN.md","12/1/2025 9:06:00 AM","6648"
"C:\Users\richg\ALL_AI\Complete AI Development Pipeline – Canonical Phase Plan\OLD_FOLDERS_CLEANUP_PLAN.md","12/1/2025 9:10:21 AM","9303"
"C:\Users\richg\ALL_AI\Complete AI Development Pipeline – Canonical Phase Plan\EXEC016_COMPLETION_REPORT.md","12/1/2025 9:17:25 AM","6959"
"C:\Users\richg\ALL_AI\Complete AI Development Pipeline – Canonical Phase Plan\CLEANUP_COMPLETE_FINAL_REPORT.md","12/1/2025 9:21:32 AM","9953"
"C:\Users\richg\ALL_AI\Complete AI Development Pipeline – Canonical Phase Plan\FOLDER_CLEANUP_REPORT.md","12/1/2025 11:55:16 AM","10102"
"C:\Users\richg\ALL_AI\Complete AI Development Pipeline – Canonical Phase Plan\CLEANUP_QUICKSTART.md","12/1/2025 11:55:41 AM","2111"
"C:\Users\richg\ALL_AI\Complete AI Development Pipeline – Canonical Phase Plan\FOLDER_CLEANUP_COMPLETE.md","12/1/2025 12:00:22 PM","4897"
